            </BlockDiagram>
            <Icon>
                <Model0:IconPanel xmlns="http://schemas.microsoft.com/winfx/2006/xaml/presentation" xmlns:x="http://schemas.microsoft.com/winfx/2006/xaml" xmlns:Model0="clr-namespace:NationalInstruments.LabVIEW.VI.Design;assembly=NationalInstruments.LabVIEW.VI.SourceModel" xmlns:fpruntime="clr-namespace:NationalInstruments.LabVIEW.FrontPanelRuntime;assembly=NationalInstruments.LabVIEW.FrontPanelRuntime" Height="56" Width="56" Background="#FFE0E0E0">
                    <fpruntime:AnimationProperties.Animations>
                        <fpruntime:AnimationsContainer />
                    </fpruntime:AnimationProperties.Animations>
                    <fpruntime:EventProperties.Events>
                        <fpruntime:EventContainer />
                    </fpruntime:EventProperties.Events>
                </Model0:IconPanel>
            </Icon>
        </VirtualInstrument>
    </Namespace>
</SourceFile>