<?xml version="1.0" encoding="utf-8"?>
<SourceFile Version="1.0.2.10" xmlns="http://www.ni.com/SourceModel.xsd">
    <Namespace Name="Project">
        <VirtualInstrument IsTopLevel="false" IsReentrant="false" Version="1.0.2.0" OverridingModelDefinitionType="X3VIDocument" xmlns="http://www.ni.com/VirtualInstrument.xsd">
            <DataItem Name="SequenceIn" DataType="NationalInstruments:SourceModel:DataTypes:X3SequenceWireDataType" DefaultTerminalDirection="Output" CallUsage="None" CallDirection="Input" CallIndex="0" IsSelfSustaining="true" />
            <DataItem Name="SequenceOut" DataType="NationalInstruments:SourceModel:DataTypes:X3SequenceWireDataType" DefaultTerminalDirection="Input" CallUsage="None" CallDirection="Output" CallIndex="0" IsSelfSustaining="true" />
            <InterruptsToListenForDataItem Name="InterruptsToListenFor_16B03592_CD76_4D58_8DC3_E3C3091E327A" DataType="Int32" DefaultTerminalDirection="Output" CallUsage="None" CallDirection="Input" CallIndex="1" IsSelfSustaining="true" DefaultValue="0" />
            <FrontPanel>
                <fpruntime:FrontPanelCanvas xmlns="http://schemas.microsoft.com/winfx/2006/xaml/presentation" xmlns:x="http://schemas.microsoft.com/winfx/2006/xaml" xmlns:fpruntime="clr-namespace:NationalInstruments.LabVIEW.FrontPanelRuntime;assembly=NationalInstruments.LabVIEW.FrontPanelRuntime" xmlns:Model="clr-namespace:NationalInstruments.SourceModel.Designer;assembly=NationalInstruments.SourceModel" x:Name="FrontPanel" Model:DesignerSurfaceProperties.CanSnapToObjects="True" Model:DesignerSurfaceProperties.SnapToObjects="True" Model:DesignerSurfaceProperties.ShowSnaplines="True" Model:DesignerSurfaceProperties.ShowControlAdorners="True" Width="640" Height="480" />
            </FrontPanel>
            <BlockDiagram Name="__RootDiagram__">
                <StartBlock Id="n1" Bounds="52 34 70 91" Target="X3\.Lib:StartBlockTest">
                    <ConfigurableMethodTerminal>
                        <Terminal Id="Result" Direction="Output" DataType="Boolean" Hotspot="0.5 1" Bounds="0 0 0 0" />
                    </ConfigurableMethodTerminal>
                    <Terminal Id="SequenceOut" Direction="Output" Wire="__WIRE" DataType="NationalInstruments:SourceModel:DataTypes:X3SequenceWireDataType" Hotspot="1 0.5" Bounds="52 33 18 18" />
                </StartBlock>