                <ConfigurableMethodCall Id="__blockID" Bounds="__bound 34 194 91" Target="MoveTankDistanceRotations\.vix">
                    <ConfigurableMethodTerminal ConfiguredValue="1.B+C">
                        <Terminal Id="Ports" Direction="Input" DataType="Single" Hotspot="0.5 1" Bounds="0 0 0 0" />
                    </ConfigurableMethodTerminal>
                    <ConfigurableMethodTerminal ConfiguredValue="__LSPD">
                        <Terminal Id="Speed\ Left" Direction="Input" DataType="Single" Hotspot="0.5 1" Bounds="54 56 30 27" />
                    </ConfigurableMethodTerminal>
                    <ConfigurableMethodTerminal ConfiguredValue="__RSPD">
                        <Terminal Id="Speed\ Right" Direction="Input" DataType="Single" Hotspot="0.5 1" Bounds="85 56 30 27" />
                    </ConfigurableMethodTerminal>
                    <ConfigurableMethodTerminal ConfiguredValue="__ROTS">
                        <Terminal Id="Rotations" Direction="Input" DataType="Single" Hotspot="0.5 1" Bounds="116 56 30 27" />
                    </ConfigurableMethodTerminal>
                    <ConfigurableMethodTerminal ConfiguredValue="True">
                        <Terminal Id="Brake\ At\ End" Direction="Input" DataType="Boolean" Hotspot="0.5 1" Bounds="147 56 30 27" />
                    </ConfigurableMethodTerminal>
                    <ConfigurableMethodTerminal ConfiguredValue="0">
                        <Terminal Id="InterruptsToListenFor_16B03592_CD76_4D58_8DC3_E3C3091E327A" Direction="Input" DataType="Int32" Hotspot="0.5 1" Bounds="0 0 0 0" />
                    </ConfigurableMethodTerminal>
                    <Terminal Id="SequenceIn" Direction="Input" Wire="__wireID" DataType="NationalInstruments:SourceModel:DataTypes:X3SequenceWireDataType" Hotspot="0 0.5" Bounds="0 33 18 18" />
                    <Terminal Id="SequenceOut" Direction="Output"__outWire DataType="NationalInstruments:SourceModel:DataTypes:X3SequenceWireDataType" Hotspot="1 0.5" Bounds="176 33 18 18" />
                </ConfigurableMethodCall>
                <Wire Id="__wireID" Joints="N(__PrevblockID:SequenceOut) N(__blockID:SequenceIn)" />